{
  "Anthropology and Sociology": 1742562.064102564,
  "Architecture and Design": 1361789.2767273576,
  "Arts and Entertainment": 1793939.3365408084,
  "Business and Economics": 1304151.627289019,
  "Creative Writing and Digital Content": 1763011.2642512075,
  "Creative Writing and Storytelling": 1157469.0694444445,
  "Education and Academia": 1913463.0115686276,
  "Environment and Sustainability": 1104006.9725490194,
  "Health and Medicine": 2339805.121863066,
  "Interdisciplinary and Emerging Fields": 5613145.0,
  "Media and Journalism": 1397558.6393939394,
  "Performing Arts and Music": 1641690.8555555558,
  "Philanthropy and Social Change": 1160017.9888888889,
  "Philosophy and Thought Leadership": 2715005.5514705884,
  "Physical and Earth Sciences": 1141295.8461820586,
  "Public Policy and Governance": 1257240.982142857,
  "Science and Technology": 1327478.1171052165,
  "Social Activism and Human Rights": 1375591.6262910797,
  "Spiritual and Religious Leadership": 946820.375,
  "Technology Visionaries and Innovators": 1665245.1044444442
}